index,sentence,slots,intent_label
0,کارت به کارت میخوام از کارت ملی به شماره کارت 4548875812457103 انجام بدم,B-Method I-Method I-Method O O O B-Bankname O O O B-Cartnumber O O,transaction_card
1,میخوام 50 هزار تومن به علی باقری کارت به کارت کنم,O B-Amount I-Amount I-Amount O B-Username I-Username B-Method I-Method I-Method O,transaction_card
2,میخواهم پولی را از حساب ملت با شماره 48759214 به حساب رضا احمدی کارت به کارت کنم ، درضمن تاریخ انقضای کارت 02/06 هست,O O O O O B-Bankname O O B-Accountnumber O O B-Username I-Username B-Method I-Method I-Method O O O O O O B-exprdate O,transaction_card
3,میخوام به حساب علی احمدی از حساب ملتم کارت به کارت کنم,O O O B-Username I-Username O O B-Bankname B-Method I-Method I-Method O,transaction_card
4,میخوام به حساب محمد توکلی پول کارت به کارت کنم,O O O B-Username I-Username O B-Method I-Method I-Method O,transaction_card
5,پول کارت به کارت کن,O B-Method I-Method I-Method O,transaction_card
6,برای احسان محمودی 50 هزار تومان پول واریز کن,O B-Username I-Username B-Amount I-Amount I-Amount O O O,transaction_card
7,میخوام یه مبلغی کارت به کارت انجام بدم,O O O B-Method I-Method I-Method O O,transaction_card
8,پول واریز کن,O O O,transaction_card
9,250 هزار تومن کارت به کارت کن به کارت محمود ریاحی,B-Amount I-Amount I-Amount B-Method I-Method I-Method O O O B-Username I-Username,transaction_card
10,برای حساب علی باقری 100 تومن کارت به کارت کن,O O B-Username I-Username B-Amount O B-Method I-Method I-Method O,transaction_card
11,میشه 150 هزار تومن کارت به کارت کنی,O B-Amount O O B-Method I-Method I-Method O,transaction_card
12,مایل هستم کارت به کارت انجام دهم,O O B-Method I-Method I-Method O O,transaction_card
13,دوست دارم کارت به کارت کنم,O O B-Method I-Method I-Method O,transaction_card
14,لطفا یه مبلغی را کارت به کارت کن برام,O O O O B-Method I-Method I-Method O O,transaction_card
15,صد تومان به کارت رضا احمدی بریز,B-Amount I-Amount O O B-Username I-Username O,transaction_card
16,از حساب اصلی ، ۵۵ هزار تومان به کارت رضا بزن,O O O O B-Amount I-Amount I-Amount O O B-Username O,transaction_card
17,۱۲۰ هزار به حساب رضا احمدی بزن از کارت ملتم,B-Amount I-Amount O O B-Username I-Username O O O B-Bankname,transaction_card
18,سریع سه میلیون به کارت رضا احمدی بزن,O B-Amount I-Amount O O B-Username I-Username O,transaction_card
19,بیست تومان به کارت علی احمدی بزن از کارت ملت م که تاریخش ۰۳ ۰۴ هست,B-Amount I-Amount O O B-Username I-Username O O O B-Bankname O O O B-exprdate B-exprdate O,transaction_card
20,میخوام 50 تومن برنم به کارت علیرضا که شماره کارتش اینه 5892101058924130,O B-Amount I-Amount O O O B-Username O O O O B-Cartnumber,transaction_card
21,چجوری به شماره حساب 532156489675896 50 هزار تومن پول بزنم,O O O O B-Accountnumber B-Amount I-Amount I-Amount O O,transaction_card
22,بهم بگو به چه نحوی میتونم 100 هزار تومن به بانک ملی با شبای ir 30564894352156 که به نام احمد جعفری هست بزنم,O O O O O O B-Amount I-Amount I-Amount O O B-Bankname O O O B-Iban O O O B-Username I-Username O O,transaction_card
23,باید 50 تومن بزنم به کارت ممد که شماره کارتش 12348567894156 هست . بگو چیکار کنم,O B-Amount I-Amount O O O B-Username O O O B-Cartnumber O O O O O,transaction_card
24,من میخوام مبلغ 15 میلیون تومن به آقای مهدی مفتاحی به شماره کارت 5022-2910-2424-1414 انتقال بدم,O O B-Amount I-Amount I-Amount I-Amount O O B-Username I-Username O O B-Cartnumber B-Cartnumber O O,transaction_card
25,من میخوام 5 هزار تومن حساب خودم به شماره کارت5022443212556989 بانک پاسارگاد به نام مریم شکری واریز کنم ولی خطا میده,O O B-Amount I-Amount I-Amount O O O O B-Cartnumber O B-Bankname O O B-Username I-Username O O O O O,transaction_card
26,من میخوام از حساب بانک ملت خودم مبلغ 30 میلیون به حساب بانک ملت بابام به نام علی مالکی به شماره حساب 87858420 واریز کنم,O O O O O B-Bankname O O B-Amount I-Amount O O O B-Bankname O O O B-Username I-Username O O O B-Accountnumber O O,transaction_card
27,لطفا از شماره کارت بانک ملی مبلغ 100 هزار تومان به کارت 5022-2910-2424-1414 به نام حسن ناصری بانک سپه منتقل گردد,O O O O O B-Bankname O B-Amount I-Amount I-Amount O O B-Cartnumber O O B-Username I-Username O B-Bankname O O,transaction_card
28,مبلغ 300 هزار تومان از حساب به شماره 2356049489563 به نام محمد گرگانی متعلق به بانک صادرات شعبه کرج را به حساب به شماره 7895456284526 به نام ایمان رسولی منتقل کن,O B-Amount I-Amount I-Amount O O O O B-Accountnumber O O B-Username I-Username O O O B-Bankname O O O O O O O B-Accountnumber O O B-Username I-Username O O,transaction_card
29,میخواستم از حسابم 50 تومن واریز کنی به حساب 48759214,O O O B-Amount I-Amount O O O O B-Accountnumber,transaction_card
30,از کارت 5022-2910-2424-1414 پول بزن به 5022-2910-2424-1414,O O B-Cartnumber O O O B-Cartnumber,transaction_card
31,میخوام حواله پایا بزنم,O B-Method I-Method O,transaction_paya
32,لطفا برام حواله پایا بزن,O O B-Method I-Method O,transaction_paya
33,پایا میخوام بزنم,B-Method O O,transaction_paya
34,مبلغ 50 میلیون پایا بزن به علی احمدی,O B-amount I-amount B-Method O O B-username I-username,transaction_paya
35,دوست دارم پایا بزنم,O O B-Method O,transaction_paya
36,میشه برام یه حواله پایا بزنی,O O O B-Method I-Method O,transaction_paya
37,20 میلیون به صورت پایا بزن,B-amount I-amount O O B-Method O,transaction_paya
38,10 میلیون میخوام حواله بزنم برای علی باقری,B-amount I-amount O B-Method O O B-username I-username,transaction_paya
39,لطفا یه حواله پایا بزن برام,O O B-Method I-Method O O,transaction_paya
40,برای حساب علیرضا اکبری 100 میلیون پایا کن,O O B-username I-username B-amount I-amount B-Method O,transaction_paya
41,برام یه پایا بزن,O O B-Method O,transaction_paya
42,پایا بزن,B-Method O,transaction_paya
43,پایا را برام انجام بده,B-Method O O O O,transaction_paya
44,به حساب رضا احمدی ۳ میلیون تومان پایا کن,O O B-username I-username B-amount I-amount I-amount B-Method O,transaction_paya
45,مبلغ ده میلیون به شماره IR123456789123456789 پایا کن,O B-amount I-amount O O B-iban B-Method O,transaction_paya
46,از حساب ملتم به حساب IR1234567891234656789 همین امروز پایا کن,O O B-bankname O O B-iban O O B-Method O,transaction_paya
47,از IR123456789123456789 به علی مبلغ دوازده میلیون تومان,O B-iban O B-username O B-amount I-amount I-amount,transaction_paya
48,می خوام پایا کنم به حساب علی رضا به مبلغ پنج میلیون تومان که شماره شباش هست,O O B-Method O O O B-username I-username O O B-amount B-amount B-amount O O B-iban O,transaction_paya
49,10 میلیون میخوام حواله بزنم برای علی باقری با شماره شبای IR789541000056210781007836,B-amount I-amount O B-Method O O B-username I-username O O B-Method B-iban,transaction_paya
50,چطور 60 ملیون تومن بریزم به کارت با شبای ir3542321564456,O B-amount I-amount I-amount O O O O B-Method B-iban,transaction_paya
51,چجوری 30 ملیون حواله کنم اصغر به شماره شبای ir12345674897561,O B-amount I-amount B-Method O B-username O O B-Method B-iban,transaction_paya
52,میخوام 100 میلیون حواله کنم به اصغر که شباش اینه ir5465123185674561,O B-amount I-amount B-Method O O B-username O O O B-iban,transaction_paya
53,چجوری 10 ملیون حواله کنم به کارت ملت ممد با شماره شبای ir5465123185674561,O B-amount I-amount O O O O B-bankname B-username O O O B-iban,transaction_paya
54,50 ملیون حواله باید بزنم به علی که شماره شبای بانک ملتش ir5465123185674561 هست,B-amount I-amount O O O O B-username O O O O O B-iban O,transaction_paya
55,چطور میتوانم از اپشن حواله استفاده کنم تا پول رو به شماره شبای ir5465123185674561 به نام قلی پور واریز کنم,O O O O B-Method O O O O O O O O B-iban O O B-username I-username O O,transaction_paya
56,من میخوام 400 هزار تومن به شماره شبا IR789541000056210781007836 به نام مائده سعادتی پایا کنم,O O B-amount I-amount I-amount O O O B-iban O O B-username I-username B-Method O,transaction_paya
57,من امشب 12 میلیون حواله پایا به نام علی رنجبر به شماره IR789541000056210781007836 ارسال کنم,O O B-amount I-amount B-Method I-Method O O B-username I-username O O B-iban O O,transaction_paya
58,10 میلیون میخوام حواله بزنم برای علی باقری با شماره شبای IR789541000056210781007836,B-amount I-amount O B-Method O O B-username I-username O O O B-iban,transaction_paya
59,قبض آب رو از کارت ملتم پرداخت کن,B-Billname I-Billname O O O B-Bankname O O,bill_payment
60,از حساب 1234567 قبض تلفن رو پرداخت کن,O O B-Accountnumber B-Billname I-Billname O O O,bill_payment
61,از کارت سپه‌م قبض آب رو پرداخت کن,O O B-Bankname B-Billname I-Billname O O O,bill_payment
62,از حساب ۱۲۳۴۵۶۷ پول قبض آب رو بده,O O B-Accountnumber O B-Billname I-Billname O O,bill_payment
63,چجوری قبض گاز مو با بانک ملی پرداخت کنم,O B-Billname I-Billname O O B-Bankname I-Bankname O O,bill_payment
64,میخوام از اپشن پرداخت قبض بانک مسکن استفاده کنم,O O O O B-Billname B-Bankname I-Bankname O O,bill_payment
65,موعد قبض برق من سر رسیده و باید از طریق بانک ملت پرداخت بشه,O B-Billname I-Billname O O O O O O O B-Bankname I-Bankname O O,bill_payment
66,بهم بگو ببینم چطور میشه قبض گار پرداخت بشه,O O O O O B-Billname I-Billname O O,bill_payment
67,میخوام از حساب ملتم قبض آب را پرداخت کنم,O O O B-Bankname B-Billname I-Billname O O O,bill_payment
68,لطفا قبض برق من رو پرداخت کن,O B-Billname I-Billname O O O O,bill_payment
69,قبض تلفن همراه من پرداخت شود,B-Billname I-Billname O O O O,bill_payment
70,قبض از نوع تلفن منزل به شناسه قبض 1257895425632 و شناسه پرداخت 45896254 به مبلغ 200 هزار تومان,B-Billname O O I-Billname O O O O B-Billname O O O B-Billname O O B-amount I-amount O,bill_payment
71,از حسابم قبض آبم و میدی,O O B-Billname I-Billname O O,bill_payment
72,پول ابم رو خودتون میدین,O B-Billname O O O,bill_payment
73,میتونی قبض آبمو بدی,O B-Billname I-Billname O,bill_payment
74,میتونی قبض گازمو با کارت ملی بدی,O B-Billname I-Billname O O B-Bankname O,bill_payment
75,همه قبض‌های من را با هر یک از کارت‌هایم که موجودی دارند پرداخت کن و نتیجه را گزارش بده,O B-Billname O O O O O O O O O O O O O O O O O,bill_payment
76,قبوض برق و گاز را از حساب سپه ام پرداخت کن,B-Billname I-Billname O I-Billname O O O B-Bankname O O O,bill_payment
77,از حساب 90056789 قبض اب را بده,O O B-Accountnumber B-Billname I-Billname O O,bill_payment
78,برای حساب ملت تراکنش پرداخت قبض اب را بزن,O O B-Bankname O O B-Billname I-Billname O O,bill_payment
79,درخواست پرداخت قبض اب به شماره شناسه 86754788999987,O O B-Billname I-Billname O O O O,bill_payment
80,آیا امکان پرداخت قبض تلفن از حساب بانک ملت وجود دارد,O O O B-Billname I-Billname O O B-Bankname I-Bankname O O,bill_payment
81,آیا امکان پرداخت قبض گاز از طریق کارت شماره 5022-2910-2424-1414 وجود دارد,O O O B-Billname I-Billname O O O O B-Cartnumber O O,bill_payment
82,آیا امکان پرداخت قبض برق از شماره کارت 5014-2910-2424-1414 وجود دارد,O O O B-Billname I-Billname O O O B-Cartnumber O O,bill_payment
83,آیا امکان پرداخت قبض تلفن همراه از حساب به شماره 1543 وجود دارد,O O O B-Billname I-Billname O O O O O B-Accountnumber O O,bill_payment
84,توی کارت ملتم چقدره,O O B-Bankname O,balance_query
85,چقدر تو کارت ملتم پول دارم,O O O B-Bankname O O,balance_query
86,موجودی ملتم چقدر هست,O B-Bankname O O,balance_query
87,ماده کارت ملتم چقدره,O O B-Bankname O,balance_query
88,میشه موجودی حساب ملی من رو بگی,O O O B-Bankname O O O,balance_query
89,موجودی بانک ملت‌مو بهم بگو,O B-Bankname I-Bankname O O,balance_query
90,بانک ملی من نمیدونم موجودیش چقدره لطفا بهم بگو,B-Bankname I-Bankname O O O O O O O,balance_query
91,من یه کارت مسکن دارم به شماره کارت 2112456432132 لطفا اگر ممکن هست بهم بگو چقدر پول داخلش موجودی داره,O O O B-Bankname O O O O B-cardnumber O O O O O O O O O O O,balance_query
92,موجودی حساب من چقدر است,O O O O O,balance_query
93,موجودی حساب به شماره حساب 2356049 چقدر,O O O O O B-accountnumber O,balance_query
94,موجودی حساب بانک ملی من رو بگو,O O B-Bankname I-Bankname O O O,balance_query
95,موجودیمو بگو کارت 5022-2910-2424-1414,O O O B-cardnumber,balance_query
96,بوگو ببینیم چقده پوول دارم,O O O O O,balance_query
97,به نظرت حساب بانک ملت من موجودی داره,O O O O B-Bankname O O O,balance_query
98,موجودی حساب من الان چقدر است,O O O O O O,balance_query
99,موجودی حساب بانک ملتم چیه,O O B-Bankname B-Username O,balance_query
100,موجودی آخرین حساب من بگو,O O O O O,balance_query
101,میزان حساب من برای بانک ملت چیه,O O O O B-Bankname I-Bankname O,balance_query
102,در شماره حساب 90056789 میزان موجودی به من اعلام کن,O O O B-accountnumber O O O O O O,balance_query
103,موجودی حساب بانک صادرات آقای سلیمانی به شماره شبا IR789541000056210781007834 چه قدر است,O O O B-Bankname O B-Username O O O B-Iban O O O,balance_query
104,اسم من علی احمدی هست,O O B-Username I-Username O,introduce
105,مریم محمدی,B-Username I-Username,introduce
106,اسمم احسان فریدونی هست,O B-Username I-Username O,introduce
107,فرداد محسنی هستم,B-Username I-Username O,introduce
108,علی اکبریم,B-Username I-Username,introduce
109,محمد باقری هستم,B-Username I-Username O,introduce
110,اسم من سجاد فضلی هست,O O B-Username I-Username O,introduce
111,حسین میری هستم,B-Username I-Username O,introduce
112,احمد افضلی هستم,B-Username I-Username O,introduce
